"ensemble","ensemble.size","accuracy"
"rfferns,knn,rfrules,gbm,glmnet,adabag",6,0.500999333777482
"knn,adabag,pda,rf,glmnet,multinom,gbm,rfrules,rfferns",9,0.513324450366422
"knn,rf,rfferns,pda,gbm,adabag,multinom",7,0.515989340439707
"rf,gbm,rfferns,adabag,rfrules,pda",6,0.515989340439707
"pda,gbm,glmnet",3,0.503997335109927
"rfferns,gbm,rf,knn",4,0.509327115256496
"rfrules,gbm,knn,glmnet,multinom,adabag,pda",7,0.508994003997335
"pda,rfferns,knn,glmnet,rfrules,gbm,adabag,multinom",8,0.507661558960693
"knn,rfrules",2,0.478347768154564
"gbm,glmnet,rfferns,rfrules,adabag,multinom,knn",7,0.511325782811459
"multinom,knn,gbm,rf,pda,glmnet,rfrules,rfferns",8,0.515323117921386
"rfrules,rf,glmnet,knn",4,0.508994003997335
"rfrules,multinom,adabag,gbm,glmnet,pda,rf,knn",8,0.513324450366422
"rf,pda,knn",3,0.530979347101932
"rfferns,pda,multinom,rfrules,adabag,rf",6,0.513324450366422
"knn,rfrules,multinom,adabag,pda,gbm,rf,glmnet,rfferns",9,0.513657561625583
"knn,multinom,rfrules,rfferns,adabag,glmnet,rf",7,0.513990672884743
"gbm,knn,rf,multinom,rfrules,glmnet,rfferns",7,0.518987341772152
"rfferns,knn,glmnet,pda,multinom,rf,rfrules,gbm",8,0.518321119253831
"glmnet,knn,rfrules,adabag,gbm,rf,pda",7,0.510326449033977
"rfferns,pda,multinom,rf,glmnet,knn",6,0.509660226515656
"multinom,knn,pda,rf",4,0.502998001332445
"knn,gbm,glmnet",3,0.510326449033977
"pda,rf,adabag,knn,rfferns,glmnet,multinom,gbm,rfrules",9,0.514656895403065
"multinom,rf,pda,gbm,rfferns,adabag",6,0.510992671552299
"rfrules,adabag,rf,multinom,rfferns,gbm,glmnet,knn",8,0.513990672884743
"gbm,multinom,glmnet,pda,rfrules,rf,adabag",7,0.511325782811459
"glmnet,rfferns,rfrules,pda",4,0.501998667554963
"knn,glmnet,multinom,gbm,rf,rfferns,adabag",7,0.514656895403065
"adabag,knn,rfrules,rfferns,gbm,pda",6,0.509993337774817
"rfferns,rf,multinom,glmnet,pda,rfrules,gbm,adabag,knn",9,0.513990672884743
"gbm,pda,multinom,adabag",4,0.503997335109927
"rfrules,glmnet,rf,knn",4,0.508994003997335
"knn,adabag,rfferns,multinom,pda,gbm,rf,glmnet",8,0.513657561625583
"rf,knn",2,0.542638241172552
"rfrules,rf,glmnet,pda,knn,multinom,gbm,rfferns,adabag",9,0.513990672884743
"pda,glmnet,rfrules,adabag",4,0.501665556295803
"rfrules,rf,multinom",3,0.519986675549634
"rfrules,rf,knn,rfferns,multinom,gbm,adabag",7,0.512991339107262
"adabag,rf,multinom,pda,rfferns,gbm,glmnet,knn",8,0.509660226515656
"knn,glmnet,rfferns,adabag,gbm,multinom,rf,pda,rfrules",9,0.513657561625583
"multinom,rfferns,rf,rfrules,glmnet,adabag,gbm,pda",8,0.509327115256496
"knn,gbm",2,0.478347768154564
"multinom,pda,glmnet,adabag,rfferns,knn,rf",7,0.51199200532978
"rfrules,adabag,gbm,glmnet,knn,rfferns",6,0.503664223850766
"pda,rf,rfrules,gbm,glmnet,rfferns,multinom,adabag",8,0.510659560293138
"pda,rfferns",2,0.489007328447702
"rfferns,rf,glmnet,multinom",4,0.507328447701532
"rfrules,rf,multinom,pda,gbm",5,0.518321119253831
"knn,pda,gbm,rf",4,0.52398401065956
"adabag,glmnet,rfrules,knn",4,0.498001332445037
"rfrules,rf",2,0.473017988007995
"multinom,rfferns,glmnet,pda,rfrules,adabag,rf,knn,gbm",9,0.517321785476349
"rfferns,glmnet,knn,gbm,multinom,pda,adabag,rf,rfrules",9,0.509993337774817
"rf,rfrules,gbm,knn,adabag,rfferns,glmnet",7,0.513990672884743
"rfferns,adabag,rf,multinom,knn",5,0.51165889407062
"adabag,rf,glmnet,gbm,knn,rfrules,pda,multinom,rfferns",9,0.509327115256496
"glmnet,adabag,pda",3,0.501665556295803
"rf,rfferns,multinom,rfrules,glmnet,adabag",6,0.506329113924051
"multinom,rfrules,adabag,gbm,rf",5,0.515656229180546
"adabag,pda,glmnet,rfferns,multinom,rfrules",6,0.502664890073284
"rfferns,adabag,rfrules,glmnet,pda,knn,gbm",7,0.501998667554963
"knn,pda",2,0.478347768154564
"rfrules,gbm,adabag,rf",4,0.50566289140573
"glmnet,knn,rfrules",3,0.503331112591606
"rfrules,pda,rfferns,multinom,glmnet,gbm,rf,knn",8,0.515323117921386
"multinom,rf,pda",3,0.503997335109927
"rfrules,adabag",2,0.473017988007995
"gbm,glmnet,multinom,rf,rfrules,rfferns",6,0.514990006662225
"gbm,rf,adabag,rfrules,glmnet,multinom,pda,rfferns,knn",9,0.513657561625583
"glmnet,pda,knn",3,0.502998001332445
"rfferns,pda,glmnet,knn,gbm,multinom,adabag",7,0.510659560293138
"rfrules,multinom,rfferns,gbm,pda,glmnet,adabag,knn",8,0.509660226515656
"rfferns,multinom,knn,rf",4,0.509660226515656
"gbm,rfrules,glmnet,pda,multinom,adabag,rf,rfferns,knn",9,0.513657561625583
"rfferns,adabag,gbm,multinom,knn",5,0.504330446369087
"rfferns,adabag,glmnet,knn",4,0.491005996002665
"pda,multinom,rfferns",3,0.489007328447702
"glmnet,gbm,rf,adabag,knn",5,0.513324450366422
"adabag,glmnet,knn,rf",4,0.501665556295803
"rfrules,knn,adabag,glmnet,rfferns,rf,multinom,gbm",8,0.513990672884743
"rfferns,rf,multinom,knn",4,0.509660226515656
"gbm,rfrules,rfferns,adabag",4,0.503664223850766
"gbm,multinom,rfferns",3,0.503664223850766
"rfrules,rfferns",2,0.473017988007995
"glmnet,rfferns,rf,gbm,pda,rfrules,multinom",7,0.508327781479014
"rf,multinom,adabag,knn,rfrules,gbm,rfferns,pda",8,0.519653564290473
"pda,multinom,glmnet,rfrules,knn,rf,gbm,rfferns,adabag",9,0.514990006662225
"pda,gbm,glmnet",3,0.503997335109927
"rf,rfrules,glmnet,gbm,multinom,knn,adabag",7,0.514323784143904
"adabag,rfferns,rfrules,glmnet,gbm,pda,knn,rf,multinom",9,0.509327115256496
"adabag,rfrules,rf,glmnet",4,0.5
"multinom,glmnet,adabag,rf,gbm,knn,pda",7,0.511325782811459
"rfferns,pda,rf,adabag,knn,glmnet,multinom",7,0.51165889407062
"multinom,glmnet",2,0.500333111259161
"gbm,rfferns,rfrules,knn,adabag,pda,rf",7,0.515323117921386
"glmnet,rfrules,multinom,pda,gbm,rf",6,0.509327115256496
"adabag,gbm,multinom,rfrules",4,0.499333777481679
"rfferns,rfrules,glmnet,knn,pda",5,0.502664890073284
"knn,rf,rfferns,pda,rfrules,gbm,adabag,multinom,glmnet",9,0.513990672884743
"rfferns,gbm,knn,pda,rf,glmnet",6,0.516655562958028
"knn,pda,multinom,rf,rfferns,rfrules,gbm,adabag,glmnet",9,0.513990672884743
"gbm,multinom,rfrules,adabag,glmnet,rfferns,rf,pda,knn",9,0.513657561625583
"glmnet,gbm",2,0.494670219853431
"glmnet,rfrules,knn",3,0.503331112591606
"adabag,rf,rfferns,rfrules,knn,gbm",6,0.513324450366422
"multinom,rf,rfrules,rfferns,adabag,gbm,knn,pda,glmnet",9,0.516988674217189
"glmnet,rfferns,rf,gbm,rfrules,pda,knn",7,0.512991339107262
"adabag,pda,gbm,knn,glmnet,rfferns,multinom,rfrules",8,0.510992671552299
"rf,glmnet,knn,rfrules,pda,multinom,gbm",7,0.51765489673551
"multinom,glmnet,adabag,gbm,knn,rfrules",6,0.51199200532978
"adabag,knn",2,0.484343770819454
"adabag,knn,rfrules,rfferns,glmnet,pda,multinom,gbm",8,0.510992671552299
"gbm,rfrules,glmnet,pda,rfferns,multinom,adabag,knn,rf",9,0.513657561625583
"pda,multinom,knn,rfrules,rfferns,glmnet,gbm,adabag,rf",9,0.514656895403065
"rf,gbm,pda,rfrules,knn,glmnet,rfferns,multinom",8,0.520652898067955
"rf,gbm,rfrules,multinom,pda",5,0.51798800799467
"gbm,rf,multinom,knn,rfrules,rfferns,glmnet,adabag",8,0.513324450366422
"knn,multinom,rf,rfrules",4,0.524317121918721
"multinom,rfferns,rfrules",3,0.49433710859427
"glmnet,pda,adabag,rf,knn",5,0.510659560293138
"rfrules,adabag,pda,gbm,knn,glmnet,rfferns",7,0.506995336442372
"gbm,glmnet,rf,pda,rfrules",5,0.515656229180546
"rf,multinom,glmnet,pda,rfferns",5,0.509660226515656
"pda,multinom,rf,rfferns,gbm,knn,rfrules,adabag",8,0.515656229180546
"gbm,knn,multinom,rfferns",4,0.513657561625583
"rfferns,adabag,pda,multinom,gbm,glmnet",6,0.506662225183211
"pda,rfferns,multinom",3,0.489007328447702
"pda,glmnet,adabag,gbm,rf,multinom",6,0.508994003997335
"adabag,gbm,glmnet,pda,rfferns,rfrules,multinom",7,0.502998001332445
"gbm,knn,rfrules,glmnet,rfferns,multinom,pda,rf",8,0.51765489673551
"gbm,rfrules,adabag,glmnet,knn,multinom",6,0.513657561625583
"multinom,adabag,rfrules,gbm",4,0.510659560293138
"knn,adabag,rf,pda,gbm,rfrules,rfferns,multinom,glmnet",9,0.513324450366422
"rfferns,rf,knn,multinom",4,0.509660226515656
"gbm,rf,multinom,adabag,rfferns,glmnet",6,0.510992671552299
"rf,rfrules,rfferns,multinom,adabag",5,0.512991339107262
"knn,rf,rfrules,pda,gbm,multinom,glmnet",7,0.51765489673551
"multinom,gbm,knn,rf,rfrules",5,0.524317121918721
"glmnet,rfferns,knn,adabag,multinom,pda,gbm,rf",8,0.510326449033977
"adabag,glmnet",2,0.484343770819454
"gbm,rf,multinom,rfferns,knn,pda,adabag",7,0.515656229180546
"rf,knn,gbm,rfferns,adabag,pda",6,0.520319786808794
"knn,gbm",2,0.478347768154564
"adabag,glmnet,gbm,pda,rfrules,knn,multinom,rfferns",8,0.510992671552299
"rfrules,gbm,knn,rfferns,glmnet,adabag",6,0.503664223850766
"pda,multinom",2,0.489007328447702
"gbm,knn,rf,glmnet,multinom,pda,rfferns,rfrules,adabag",9,0.513657561625583
"gbm,adabag,pda,knn",4,0.512658227848101
"adabag,gbm",2,0.484343770819454
"rfrules,pda,glmnet,multinom,rfferns,rf,adabag,knn,gbm",9,0.513990672884743
"rfferns,rf,knn,adabag,pda,gbm,rfrules,glmnet,multinom",9,0.513657561625583
"glmnet,rfrules,pda,multinom,adabag,rf,rfferns,knn",8,0.509327115256496
"gbm,multinom,pda,adabag",4,0.503997335109927
"gbm,rfrules,pda,multinom,glmnet,adabag",6,0.508660892738175
"multinom,rf,glmnet,adabag,rfferns,gbm,pda,rfrules",8,0.509327115256496
"pda,adabag,rf,multinom,rfrules,knn,gbm",7,0.515323117921386
"pda,knn,gbm,glmnet,multinom,rf,adabag,rfferns,rfrules",9,0.514656895403065
"rf,gbm,rfferns,adabag,rfrules,pda,glmnet,knn,multinom",9,0.514323784143904
"rfrules,pda,knn,multinom",4,0.507661558960693
"rfrules,rf,gbm,adabag,pda,rfferns,knn,multinom",8,0.516322451698867
"gbm,adabag,rfrules,rfferns,pda",5,0.506995336442372
"pda,multinom,adabag,rfrules,glmnet,knn,gbm,rf",8,0.51199200532978
"rfrules,pda,adabag,glmnet,gbm,knn,multinom,rf,rfferns",9,0.513990672884743
"rf,gbm,rfrules,knn,adabag,multinom,pda,rfferns",8,0.519653564290473
"knn,gbm,pda",3,0.512991339107262
"knn,pda,rfferns,rf,adabag,rfrules,glmnet,multinom,gbm",9,0.513990672884743
"rf,pda,adabag,rfferns,rfrules,knn,multinom,gbm",8,0.519653564290473
"glmnet,rfrules,adabag,rf,multinom",5,0.506662225183211
"multinom,rf,rfrules,rfferns,adabag,knn",6,0.515323117921386
"multinom,rfferns",2,0.500333111259161
"adabag,multinom,knn,rfrules,glmnet,pda,gbm,rf",8,0.508660892738175
"pda,rfferns,knn,adabag,rf,glmnet,multinom",7,0.51165889407062
"glmnet,multinom,pda,rf,gbm,rfferns,adabag,knn,rfrules",9,0.509993337774817
"pda,adabag,knn,gbm",4,0.508660892738175
"multinom,rfrules,glmnet,rfferns,pda,gbm,adabag",7,0.512325116588941
"gbm,adabag",2,0.508994003997335
"rf,pda,rfrules,adabag,knn,rfferns,multinom",7,0.517321785476349
"pda,multinom,gbm,rfferns,adabag,knn,rfrules",7,0.508327781479014
"gbm,knn",2,0.508994003997335
"gbm,rfferns,glmnet,multinom,rf",5,0.515989340439707
"pda,knn,multinom",3,0.49433710859427
"rf,multinom,glmnet,pda,knn,rfferns,rfrules,adabag",8,0.515323117921386
"gbm,pda,rf,rfrules,glmnet,knn,adabag,multinom,rfferns",9,0.513657561625583
"knn,rf,rfrules,glmnet,multinom,gbm",6,0.521319120586276
"multinom,rf",2,0.500333111259161
"gbm,adabag",2,0.508994003997335
"knn,rfrules,rfferns",3,0.479680213191206
"multinom,gbm",2,0.500333111259161
"rf,gbm,glmnet,multinom",4,0.518987341772152
"multinom,glmnet,pda,knn,adabag,rfferns,gbm,rfrules",8,0.507661558960693
"multinom,adabag,rfrules,rfferns,glmnet",5,0.506662225183211
"rfrules,gbm",2,0.473017988007995
"rfrules,glmnet,adabag,gbm,multinom",5,0.503664223850766
"pda,adabag,glmnet,multinom",4,0.502998001332445
"rfferns,glmnet,rfrules,multinom,gbm,pda,rf,adabag,knn",9,0.509993337774817
"glmnet,gbm,rfrules,rf,knn,multinom,pda,adabag,rfferns",9,0.509993337774817
"multinom,knn,glmnet,rfferns,rfrules,adabag,rf,gbm",8,0.510992671552299
"gbm,multinom,rfferns",3,0.503664223850766
"rfferns,pda,multinom,glmnet,gbm",5,0.502331778814124
"rf,rfferns,rfrules,adabag",4,0.510992671552299
"gbm,knn,adabag,pda,multinom,rf,glmnet",7,0.512325116588941
"multinom,glmnet,rf,rfrules",4,0.512325116588941
"multinom,adabag,glmnet",3,0.500333111259161
"rfrules,pda,multinom,knn,gbm,adabag,rf,glmnet",8,0.513324450366422
"knn,adabag,pda,multinom,rfferns,gbm,rfrules,glmnet,rf",9,0.513324450366422
"rf,knn,multinom",3,0.534310459693538
"gbm,pda,rfferns,rfrules,rf",5,0.514323784143904
"pda,multinom,rfrules,adabag,gbm,glmnet",6,0.507661558960693
"rfrules,gbm,pda,knn,rfferns,rf,multinom,glmnet,adabag",9,0.513990672884743
"adabag,glmnet,multinom,gbm,rf,rfferns,knn,pda",8,0.509660226515656
"pda,multinom,adabag,rf,gbm,knn",6,0.51165889407062
"pda,knn",2,0.489007328447702
"rfferns,rfrules,glmnet,knn,multinom,pda,adabag",7,0.501998667554963
"rf,rfferns,glmnet,rfrules,adabag,knn,pda,multinom",8,0.515323117921386
"rfrules,pda,knn,rfferns,gbm,glmnet",6,0.512325116588941
"pda,gbm,rf,multinom",4,0.502331778814124
"knn,rfferns,gbm,adabag,multinom,pda",6,0.508660892738175
"multinom,rfrules,glmnet,adabag,rfferns,pda",6,0.501665556295803
"gbm,rf,pda,multinom",4,0.518987341772152
"rfferns,rfrules,glmnet,gbm,multinom,pda",6,0.509660226515656
"adabag,pda,rfferns",3,0.485009993337775
"multinom,glmnet,rfferns,adabag",4,0.499666888740839
"glmnet,knn,gbm,rfferns,rf,multinom,adabag",7,0.507994670219853
"rfrules,adabag,knn,gbm,rfferns",5,0.505329780146569
"gbm,knn,rfrules",3,0.517321785476349
"rf,adabag,gbm",3,0.518987341772152
"pda,adabag,glmnet,rfrules,rfferns",5,0.503331112591606
"gbm,glmnet,adabag,rf",4,0.513324450366422
"gbm,glmnet,pda,rf,knn,multinom,adabag,rfferns",8,0.51199200532978
"pda,rf,multinom,glmnet,rfferns,knn,gbm,adabag,rfrules",9,0.514656895403065
"glmnet,gbm,adabag",3,0.496002664890073
"rfrules,glmnet,knn,gbm",4,0.507994670219853
"adabag,glmnet,gbm,multinom,rfrules,rfferns,knn,rf",8,0.511325782811459
"rfferns,pda",2,0.167221852098601
"pda,gbm,multinom,rfferns,knn,glmnet,adabag",7,0.510326449033977
"knn,gbm,pda,glmnet,adabag,rfferns",6,0.507994670219853
"knn,rfferns,rfrules,pda,gbm,glmnet,rf,multinom",8,0.518321119253831
"glmnet,knn,pda,rf,multinom",5,0.512991339107262
"knn,rfferns",2,0.478347768154564
"rf,knn,rfrules,rfferns,adabag,glmnet,multinom,pda",8,0.515323117921386
"glmnet,adabag,gbm",3,0.496002664890073
"glmnet,gbm",2,0.494670219853431
"pda,multinom,adabag,gbm,rfferns,glmnet",6,0.508327781479014
"rfrules,pda,rf,rfferns,gbm,adabag",6,0.515323117921386
"rfrules,pda,rfferns,gbm,rf,multinom,adabag,knn",8,0.516322451698867
"pda,adabag,rfrules,rf",4,0.509660226515656
"rfrules,gbm,knn,rfferns,pda",5,0.512325116588941
"rfrules,knn,rf,adabag,rfferns,pda,glmnet,gbm,multinom",9,0.513990672884743
"rfferns,glmnet,multinom,adabag",4,0.497668221185876
"rfferns,knn,pda",3,0.390073284477015
"pda,rfferns,knn,gbm,multinom,rfrules,rf",7,0.515323117921386
"glmnet,rfrules",2,0.494670219853431
"multinom,knn,pda,glmnet,rf,gbm,rfferns",7,0.513657561625583
"pda,rf,adabag,multinom",4,0.502998001332445
"pda,rfrules,gbm,adabag,knn",5,0.510992671552299
"adabag,rfrules,knn",3,0.499333777481679
"multinom,rfrules,rf,adabag",4,0.514323784143904
"gbm,rfferns,adabag,rf,glmnet,knn,rfrules,multinom,pda",9,0.513657561625583
"rfrules,glmnet,multinom",3,0.503331112591606
"pda,adabag,knn,rfferns,gbm,rf,glmnet,rfrules,multinom",9,0.514990006662225
"rfferns,gbm,knn",3,0.397734843437708
"adabag,knn,pda,rf,multinom,rfferns,gbm,glmnet,rfrules",9,0.509327115256496
"multinom,pda",2,0.500333111259161
"adabag,gbm,glmnet,rfferns,rfrules,rf",6,0.504663557628248
"multinom,adabag,rfrules",3,0.502331778814124
"pda,rf,gbm",3,0.51798800799467
"adabag,rfferns,glmnet,gbm",4,0.49433710859427
"glmnet,multinom,pda,adabag,knn,gbm,rf,rfrules",8,0.508327781479014
"gbm,glmnet,rf,knn",4,0.518654230512991
"rf,knn,rfrules,pda",4,0.530313124583611
"gbm,rfferns,rf,adabag,pda,glmnet,multinom",7,0.508994003997335
"knn,pda,multinom,rf,adabag,rfferns,gbm,glmnet,rfrules",9,0.513990672884743
"rf,adabag,multinom",3,0.515989340439707
"knn,pda,rfferns,gbm,glmnet,adabag",6,0.507994670219853
"glmnet,gbm,adabag,multinom,knn,pda,rfferns",7,0.508660892738175
"rf,knn,multinom",3,0.534310459693538
"rf,rfferns,rfrules,glmnet",4,0.512658227848101
"rfferns,knn,multinom,gbm,pda,adabag,glmnet,rfrules,rf",9,0.513990672884743
"knn,rf,adabag",3,0.519653564290473
"gbm,pda,rfferns,multinom,rfrules",5,0.506329113924051
"rfferns,adabag,gbm,knn,rf,glmnet,multinom,pda",8,0.511325782811459
"adabag,rfrules,pda,rfferns,multinom,rf,glmnet",7,0.50566289140573
"knn,pda,multinom,rfferns,glmnet",5,0.501332445036642
"glmnet,rfferns,multinom,rfrules,adabag,gbm,pda,rf,knn",9,0.509993337774817
"rfferns,gbm,multinom,glmnet",4,0.50566289140573
"glmnet,knn,multinom,pda,rfrules,gbm,rf,adabag,rfferns",9,0.509993337774817
"gbm,knn,multinom,rf",4,0.519986675549634
"rfferns,pda",2,0.167221852098601
"rfrules,gbm,pda,adabag,rfferns,multinom",6,0.510326449033977
"rfrules,knn,glmnet,gbm,rf,adabag,multinom,rfferns",8,0.513990672884743
"adabag,rfrules,glmnet,rf,rfferns,gbm",6,0.504663557628248
"multinom,glmnet,pda",3,0.502331778814124
"rfferns,adabag,gbm,glmnet,rf,knn,rfrules,multinom,pda",9,0.509660226515656
"multinom,gbm,rfrules,rf,knn",5,0.524317121918721
"knn,glmnet,adabag",3,0.498334443704197
"multinom,adabag,rf",3,0.513990672884743
"pda,gbm,rfferns,multinom,rfrules,rf,glmnet",7,0.510992671552299
"multinom,glmnet,rf,rfrules,rfferns",5,0.516322451698867
"multinom,rfrules,knn,glmnet,rfferns,pda,gbm,rf",8,0.515323117921386
"glmnet,knn,rfferns",3,0.492671552298468
"rfferns,rfrules,gbm",3,0.424716855429713
"rf,glmnet,rfrules,rfferns,pda,knn,multinom,gbm,adabag",9,0.513990672884743
"rf,rfrules,multinom,glmnet,rfferns,pda",6,0.513324450366422
"multinom,knn",2,0.500333111259161
"glmnet,adabag,rfferns,knn,rf,pda,rfrules",7,0.505329780146569
"adabag,knn,rfrules,multinom,glmnet,pda,rfferns",7,0.502331778814124
"rf,glmnet",2,0.542638241172552
"knn,adabag,rfrules,pda,gbm,rf,rfferns,multinom",8,0.519653564290473
"pda,glmnet,rfrules,rf,rfferns,adabag,knn,gbm",8,0.509327115256496
"rfrules,rf,glmnet,knn,rfferns",5,0.510659560293138
"gbm,multinom,glmnet,knn",4,0.516322451698867
"gbm,pda,knn,rfferns,rf,rfrules,glmnet",7,0.516655562958028
"multinom,rfrules,adabag,rfferns,glmnet",5,0.506662225183211
"rf,pda",2,0.542638241172552
"pda,rfrules,knn,multinom,gbm,adabag",6,0.505329780146569
"rfrules,knn,pda,multinom,glmnet",5,0.508994003997335
"multinom,pda,rf",3,0.503997335109927
"adabag,gbm,multinom,glmnet,knn,rf,pda,rfferns,rfrules",9,0.509327115256496
"glmnet,rf,knn,adabag,gbm,rfrules,rfferns",7,0.50566289140573
"gbm,pda,rfferns,adabag,rfrules,multinom,glmnet",7,0.508994003997335
"knn,adabag,rf,rfrules,glmnet,gbm",6,0.515323117921386
"adabag,rfferns,glmnet,gbm,multinom,knn,rfrules,pda,rf",9,0.509327115256496
"multinom,glmnet,adabag,gbm,rf,rfrules,pda,knn",8,0.514656895403065
"adabag,pda,rfrules,gbm,rfferns",5,0.498001332445037
"pda,rfferns,rfrules,gbm,multinom,glmnet,adabag,knn",8,0.507328447701532
"rf,rfferns,rfrules,glmnet,knn,gbm,pda",7,0.516322451698867
"pda,rfrules,rf,multinom,adabag,knn,rfferns,gbm",8,0.514990006662225
"rfrules,pda,knn,gbm",4,0.510659560293138
"knn,rf,rfferns,pda,multinom,adabag",6,0.516988674217189
"knn,glmnet,adabag,multinom,rfrules,rfferns",6,0.504996668887408
"knn,rfrules,pda,rf,rfferns,glmnet,gbm,multinom,adabag",9,0.513657561625583
"gbm,rf,glmnet,pda,knn",5,0.51798800799467
"pda,rfrules,multinom,rf,knn,adabag,glmnet,rfferns,gbm",9,0.514990006662225
"multinom,pda",2,0.500333111259161
"rf,multinom,gbm,pda,glmnet,rfrules,knn,adabag,rfferns",9,0.514323784143904
"pda,rfrules,knn,rfferns,rf,glmnet,gbm,multinom,adabag",9,0.514990006662225
"rf,rfferns,adabag,gbm,pda,knn,rfrules,glmnet,multinom",9,0.513990672884743
"pda,rfrules,gbm,rf,multinom,adabag,glmnet,rfferns,knn",9,0.514990006662225
"glmnet,pda,gbm,knn,rf,adabag,multinom,rfferns",8,0.510326449033977
"rfrules,rf,pda,knn,rfferns,glmnet",6,0.514323784143904
"rf,gbm,glmnet",3,0.516988674217189
"gbm,adabag,pda,glmnet",4,0.503664223850766
"rfferns,rf,gbm,glmnet",4,0.506995336442372
"rfferns,adabag",2,0.167221852098601
"knn,rfferns",2,0.478347768154564
"pda,adabag,rfferns,rf,glmnet",5,0.508994003997335
"rfferns,rf",2,0.167221852098601
"glmnet,adabag,knn,rfferns,rf,multinom,rfrules",7,0.504330446369087
"rfferns,glmnet",2,0.167221852098601
"multinom,pda,rfrules,rf,gbm,adabag,glmnet,knn",8,0.514656895403065
"pda,knn,rfferns,multinom,adabag,glmnet,gbm,rf,rfrules",9,0.514656895403065
"glmnet,knn,multinom,rfrules,adabag,rf",6,0.504330446369087
"glmnet,rf,pda,adabag,gbm",5,0.506329113924051
"gbm,multinom",2,0.508994003997335
"pda,adabag,gbm,knn,glmnet",5,0.506662225183211
"rfrules,adabag",2,0.473017988007995
"gbm,multinom,glmnet,pda,rfrules,rf,adabag,knn",8,0.513990672884743
"rf,glmnet,rfrules",3,0.51199200532978
"knn,pda,rfrules,rfferns",4,0.502664890073284
"rfrules,glmnet,rfferns,gbm",4,0.500333111259161
"multinom,adabag,rf,gbm,pda",5,0.51199200532978
"rfrules,adabag,knn,rf,glmnet,gbm",6,0.512991339107262
"knn,pda,rfrules,rfferns,gbm,multinom,rf,adabag,glmnet",9,0.513990672884743
"multinom,rf,rfrules,pda,knn,adabag,glmnet,gbm,rfferns",9,0.516988674217189
"glmnet,rf,adabag,knn",4,0.503664223850766
"gbm,multinom,adabag,glmnet,rf,rfrules",6,0.515323117921386
"glmnet,multinom,knn,rfferns,pda,adabag",6,0.509993337774817
"multinom,adabag,rfferns,glmnet,knn,rf,rfrules,gbm,pda",9,0.516988674217189
"gbm,glmnet,pda,rfrules,rf,knn",6,0.520319786808794
"rf,adabag,glmnet,gbm,rfferns,pda",6,0.508660892738175
"multinom,adabag,pda,rf",4,0.504663557628248
"adabag,rfrules,multinom",3,0.502664890073284
"pda,knn,gbm,rfrules,adabag,multinom,rf,rfferns,glmnet",9,0.514656895403065
"rfferns,glmnet,pda,rfrules,adabag,knn,rf,multinom",8,0.511325782811459
"gbm,rf,rfferns,rfrules,adabag,pda,knn,multinom,glmnet",9,0.513657561625583
"multinom,pda,rfferns",3,0.5
"gbm,rf,rfrules,rfferns",4,0.513324450366422
"glmnet,rf,rfferns,rfrules,pda",5,0.503331112591606
"rf,rfrules,multinom,knn,gbm",5,0.528314457028648
"rfrules,rfferns",2,0.473017988007995
"adabag,rfferns,glmnet",3,0.488674217188541
"glmnet,pda,rfrules,multinom,knn,rfferns,rf",7,0.510992671552299
"adabag,glmnet,knn,rf",4,0.501665556295803
"rfrules,glmnet,gbm,rf,rfferns",5,0.509660226515656
"rf,adabag,knn,glmnet,pda,rfrules,gbm,rfferns",8,0.51165889407062
"rfrules,adabag",2,0.473017988007995
"knn,rf,multinom,rfrules",4,0.524317121918721
"glmnet,rfrules,rf,rfferns,knn,gbm,adabag,pda",8,0.509660226515656
"adabag,rfferns",2,0.484343770819454
"adabag,rfferns,multinom,rf,glmnet",5,0.503331112591606
"knn,rf,multinom,rfferns,rfrules,adabag,glmnet",7,0.514323784143904
"rf,gbm,glmnet,pda,adabag,rfferns",6,0.508660892738175
"rf,gbm,knn,adabag,rfrules",5,0.523317788141239
"knn,rfrules,rfferns,glmnet,rf,gbm,pda",7,0.51765489673551
"pda,gbm,rfrules,knn",4,0.508660892738175
"pda,multinom,rfferns,glmnet",4,0.498667554963358
"rf,knn",2,0.542638241172552
"glmnet,rf,gbm,rfrules,pda",5,0.515656229180546
"knn,multinom,rf,rfferns,adabag",5,0.51798800799467
"rf,glmnet,gbm,multinom,pda,knn,rfrules",7,0.51765489673551
"adabag,multinom,pda,rfferns,gbm,rf,rfrules,glmnet,knn",9,0.509327115256496
"rfferns,rfrules,pda",3,0.384077281812125
"multinom,adabag",2,0.500333111259161
"multinom,knn,rfrules,rf,gbm,adabag,pda",7,0.515989340439707
"pda,rfferns,rfrules,glmnet,multinom,gbm,knn,rf,adabag",9,0.514990006662225
"gbm,rfferns,knn,multinom,pda,glmnet",6,0.509993337774817
"knn,multinom,pda,gbm,rfferns,glmnet,adabag",7,0.506995336442372
"rf,knn,multinom,adabag,pda,rfrules,gbm",7,0.519653564290473
"gbm,pda,rf,multinom",4,0.518987341772152
"gbm,rfferns,rfrules,multinom,knn",5,0.513990672884743
"glmnet,knn,multinom,rfrules,gbm",5,0.516655562958028
"knn,glmnet,rfrules,gbm,adabag,multinom,pda,rfferns",8,0.510992671552299
"knn,multinom",2,0.478347768154564
"glmnet,rfrules,pda,gbm,rf",5,0.515656229180546
"rfrules,adabag,pda",3,0.499000666222518
"adabag,rfrules,pda,rfferns,multinom,rf",6,0.512325116588941
"glmnet,knn,rf",3,0.522984676882079
"multinom,rf,adabag,rfferns",4,0.513324450366422
"rfferns,gbm,pda,multinom,adabag,knn",6,0.504996668887408
"multinom,rfrules,rf,pda,rfferns,knn,glmnet,adabag,gbm",9,0.516988674217189
"multinom,glmnet,rfferns,rf,adabag,rfrules,gbm",7,0.513990672884743
"rfferns,rf,knn",3,0.418387741505663
"adabag,gbm",2,0.484343770819454
"rf,gbm,pda,knn,rfferns",5,0.524317121918721
"glmnet,multinom,adabag",3,0.501665556295803
"gbm,rfferns,multinom,rf,adabag,knn",6,0.519320453031312
"rfferns,multinom,gbm,pda,rfrules,adabag,rf,glmnet,knn",9,0.516988674217189
"gbm,rfferns,rf",3,0.509660226515656
"glmnet,pda,multinom,gbm,rfrules,rf,adabag",7,0.510659560293138
"knn,adabag,rfrules,pda,glmnet,gbm,rfferns",7,0.51199200532978
"rf,adabag",2,0.542638241172552
"rfferns,pda,rfrules,adabag,multinom,knn,glmnet",7,0.508327781479014
"adabag,multinom,rfferns,rfrules",4,0.502664890073284
"knn,adabag,pda,rfrules,glmnet,multinom,rf",7,0.510992671552299
"knn,rfferns,rfrules,rf",4,0.51798800799467
"rfferns,adabag,multinom,knn,gbm,rfrules,glmnet,pda",8,0.510659560293138
"pda,rfrules,knn,adabag,rfferns,glmnet,multinom",7,0.507661558960693
"pda,multinom",2,0.489007328447702
"knn,rfferns,gbm,multinom,rf,pda,glmnet",7,0.518654230512991
"rfferns,rf,rfrules",3,0.442371752165223
"rfrules,pda,gbm,rf,adabag",5,0.516655562958028
"knn,pda,adabag,gbm,multinom,rfrules,rf,rfferns",8,0.517321785476349
"adabag,glmnet,knn,pda,multinom,rfferns",6,0.510992671552299
"knn,pda",2,0.478347768154564
"rfrules,pda,rfferns,gbm",4,0.50599600266489
"rfferns,rfrules,rf,gbm,multinom,pda,knn,adabag",8,0.515989340439707
"glmnet,multinom,knn,rfrules,adabag,rfferns,gbm",7,0.503664223850766
"glmnet,multinom,pda,rf,gbm,knn,rfrules,adabag,rfferns",9,0.509993337774817
"rf,knn,glmnet,adabag,rfrules",5,0.509660226515656
"gbm,multinom,rfferns,glmnet,rf,pda,rfrules",7,0.513324450366422
"glmnet,pda,knn,rfrules,multinom,adabag,rf",7,0.510659560293138
"pda,glmnet,rfferns,rfrules,adabag,rf,knn",7,0.512991339107262
"adabag,rf,rfrules,gbm",4,0.506662225183211
"rf,gbm,rfferns,adabag,knn,glmnet,pda",7,0.513657561625583
"knn,rfferns,pda,gbm,glmnet",5,0.506662225183211
"multinom,rfrules,rf,rfferns,knn,pda",6,0.511325782811459
"glmnet,rfrules,adabag,gbm,pda,rfferns,multinom",7,0.502331778814124
"glmnet,adabag,knn,rfrules,rf",5,0.506995336442372
"rfferns,gbm,glmnet,pda,knn",5,0.510326449033977
"rfferns,rf,glmnet,knn,rfrules,adabag",6,0.505329780146569
"knn,glmnet,adabag,rfrules",4,0.503664223850766
"adabag,knn,glmnet,rfferns,rfrules",5,0.499000666222518
"gbm,multinom,adabag",3,0.506995336442372
"multinom,adabag,pda,glmnet",4,0.501998667554963
"multinom,knn,rf,glmnet,gbm,rfferns",6,0.518987341772152
"multinom,rfferns,adabag",3,0.500666222518321
"multinom,rf,adabag,pda,rfferns,knn,rfrules,glmnet",8,0.510659560293138
"rf,glmnet,multinom,pda,gbm,rfrules,knn,rfferns",8,0.520986009327115
"rfrules,adabag,knn,rfferns,rf,multinom,pda,glmnet,gbm",9,0.513990672884743
"multinom,glmnet,rf",3,0.510326449033977
"rfrules,gbm,pda",3,0.513324450366422
"glmnet,multinom,rfrules,rf,knn",5,0.516655562958028
"rfrules,rf,multinom,rfferns,pda,adabag,gbm,glmnet",8,0.513324450366422
"knn,pda,rfferns,rf,rfrules,multinom,glmnet,adabag,gbm",9,0.513990672884743
"glmnet,gbm,pda,multinom,knn,adabag,rfferns",7,0.508660892738175
"adabag,glmnet,knn,rfferns,multinom,pda",6,0.510992671552299
"knn,gbm,adabag,rfferns,rf",5,0.518321119253831
"adabag,rf,glmnet,multinom,pda,gbm",6,0.508660892738175
"adabag,rfferns",2,0.484343770819454
"adabag,rfferns,rf,gbm,multinom",5,0.507994670219853
"gbm,rfferns,glmnet,adabag,rfrules,rf,multinom,knn",8,0.512658227848101
"adabag,multinom,knn,rfferns",4,0.503331112591606
"glmnet,gbm,rfferns,rfrules,rf,adabag",6,0.505329780146569
"knn,pda,rfrules,glmnet,gbm,rf",6,0.518987341772152
"rf,rfrules,glmnet,multinom",4,0.519320453031312
"rfrules,knn,pda,rf,rfferns",5,0.518654230512991
"knn,rfrules,multinom,gbm,adabag,pda,rfferns",7,0.509327115256496
"rf,gbm,glmnet,multinom,pda,adabag,rfrules,knn,rfferns",9,0.514323784143904
"rfferns,glmnet,knn,rfrules,gbm,multinom",6,0.512325116588941
"pda,glmnet,rf,rfrules,rfferns,multinom",6,0.506995336442372
"multinom,rf",2,0.500333111259161
"pda,gbm,multinom,rfferns,rf,rfrules,glmnet,knn",8,0.514656895403065
"multinom,gbm,glmnet,adabag,rfrules",5,0.503331112591606
"rfferns,pda,multinom,knn,glmnet,gbm,rfrules,adabag,rf",9,0.514323784143904
"rfrules,rfferns,adabag,knn",4,0.494670219853431
"rf,gbm,rfrules,knn",4,0.527648234510326
"pda,rfferns,adabag",3,0.486675549633578
"multinom,knn,rfrules,gbm,rfferns,glmnet",6,0.51165889407062
"gbm,glmnet,rfrules,multinom,rf,rfferns",6,0.514990006662225
"multinom,rf,glmnet,gbm,adabag",5,0.509660226515656
"glmnet,rfferns",2,0.494670219853431
"rfferns,knn,rf,rfrules,gbm",5,0.527981345769487
"pda,knn,gbm,rfrules,multinom,rfferns,glmnet",7,0.507994670219853
"rfrules,rf,gbm,multinom,rfferns",5,0.51199200532978
"gbm,adabag,glmnet,rfferns,pda,rf,knn,multinom,rfrules",9,0.513657561625583
"rfrules,rfferns,multinom,knn,adabag,pda,gbm",7,0.512991339107262
"gbm,rfrules,knn,adabag,rfferns,glmnet,multinom",7,0.510992671552299
"multinom,knn,adabag,pda",4,0.500666222518321
"pda,glmnet,adabag,gbm,rfrules,knn,multinom,rf,rfferns",9,0.514990006662225
"adabag,glmnet",2,0.484343770819454
"rfrules,adabag,knn,rfferns,multinom,gbm,pda",7,0.512991339107262
"adabag,rfrules",2,0.484343770819454
"rfrules,knn,pda,glmnet,multinom,gbm,rf,rfferns",8,0.515323117921386
"glmnet,rf,rfrules,rfferns,pda,gbm",6,0.513324450366422
"rfrules,rf,glmnet,pda,multinom,knn",6,0.513324450366422
"gbm,multinom,rf,pda,knn,adabag",6,0.516655562958028
"gbm,adabag,knn,glmnet,rfrules",5,0.504996668887408
"rfferns,knn,rfrules,rf,pda,gbm",6,0.518654230512991
"rfrules,glmnet,rf,knn,gbm,rfferns,pda,adabag,multinom",9,0.513990672884743
"adabag,rf,glmnet,pda,gbm,rfferns,multinom,knn",8,0.509660226515656
"glmnet,adabag,rfferns,knn,pda,rf,gbm",7,0.508994003997335
"knn,glmnet",2,0.478347768154564
"adabag,multinom",2,0.484343770819454
"adabag,rfferns,multinom,pda,rf,glmnet,rfrules",7,0.50566289140573
"glmnet,knn,rf,gbm,multinom,pda,rfrules,adabag",8,0.508327781479014
"adabag,rfrules,rfferns,gbm,pda,glmnet,rf,multinom,knn",9,0.509327115256496
"rfrules,rfferns,multinom,rf,gbm,pda",6,0.516322451698867
"multinom,pda,knn",3,0.496335776149234
"adabag,rfferns,rf,rfrules,knn",5,0.502331778814124
"glmnet,gbm,rfrules,multinom,adabag,rfferns,rf,knn",8,0.512325116588941
"multinom,gbm,glmnet",3,0.508994003997335
"rfferns,knn,rfrules,multinom,adabag,gbm,rf,pda,glmnet",9,0.513657561625583
"adabag,knn,rfrules",3,0.499333777481679
"pda,multinom,rfferns,rfrules,rf,glmnet,gbm",7,0.510992671552299
"rf,rfrules,pda,gbm",4,0.520986009327115
"gbm,pda,rfrules,rf,rfferns,glmnet,adabag,knn",8,0.510659560293138
"glmnet,knn",2,0.494670219853431
"glmnet,knn,pda,rfrules",4,0.499000666222518
"rfrules,knn,adabag,multinom,gbm,glmnet",6,0.508660892738175
"rfrules,gbm,adabag,pda,multinom",5,0.508994003997335
"multinom,adabag,glmnet,rfferns,gbm,pda,knn,rf,rfrules",9,0.516988674217189
"rf,adabag,pda,rfferns",4,0.51765489673551
"rfrules,rf,glmnet",3,0.509993337774817
"rf,knn,multinom,rfrules,rfferns",5,0.525649566955363
"rfrules,multinom,rfferns,rf",4,0.511325782811459
"adabag,rf",2,0.484343770819454
"rfferns,gbm,adabag,rfrules,multinom,knn,rf",7,0.51765489673551
"rfrules,knn",2,0.473017988007995
"pda,gbm,rf,multinom,adabag,glmnet,rfrules",7,0.511325782811459
"adabag,pda,rfrules,rf,gbm,knn",6,0.510326449033977
"rfferns,rf",2,0.167221852098601
"pda,rfferns,multinom,gbm,adabag,knn,rf,rfrules,glmnet",9,0.514656895403065
"knn,pda,adabag,rfrules,glmnet,rf,gbm,multinom,rfferns",9,0.513990672884743
"adabag,gbm,pda,rf,multinom,rfrules,rfferns",7,0.509660226515656
"multinom,rfferns,rf,adabag,knn,glmnet,rfrules,pda,gbm",9,0.516988674217189
"gbm,rfrules",2,0.508994003997335
"knn,rf,glmnet,pda,gbm,rfrules,rfferns,adabag,multinom",9,0.513657561625583
"pda,rfferns",2,0.489007328447702
"glmnet,knn,multinom,rfferns,adabag,rf",6,0.511325782811459
"adabag,pda,glmnet",3,0.501332445036642
"multinom,pda,adabag,gbm,rfrules,knn,glmnet",7,0.508994003997335
"knn,pda,multinom",3,0.495003331112592
"rfferns,glmnet,multinom,rfrules,rf,pda",6,0.51199200532978
"adabag,gbm",2,0.484343770819454
"multinom,adabag,gbm,pda,rfferns,rf,rfrules,glmnet",8,0.509327115256496
"rf,adabag,rfrules,rfferns,multinom,glmnet,gbm,knn",8,0.513324450366422
"rfferns,pda,multinom",3,0.471685542971352
"rfferns,multinom,knn,rfrules,adabag,pda",6,0.506995336442372
"gbm,multinom,knn,glmnet,adabag",5,0.507994670219853
"adabag,rfferns,gbm,pda,rf,rfrules,knn,multinom",8,0.516322451698867
"gbm,adabag,rfferns,knn,rf,glmnet,multinom",7,0.514323784143904
"adabag,rfferns,glmnet,knn,rf,gbm,pda,multinom,rfrules",9,0.509327115256496
"gbm,rfrules,glmnet",3,0.506995336442372
"pda,multinom,rfrules,rf,glmnet,knn,rfferns",7,0.510992671552299
"pda,adabag,knn,glmnet,rf,rfrules",6,0.511325782811459
"rfferns,knn,rf,gbm,pda,glmnet,adabag,rfrules",8,0.509993337774817
"rfrules,gbm,pda,knn,rfferns,rf,glmnet,adabag",8,0.51199200532978
"gbm,multinom,glmnet,rfrules,rf,rfferns,pda,knn",8,0.51765489673551
"rf,pda,rfferns,knn,gbm,multinom,adabag",7,0.518321119253831
"knn,adabag,pda,gbm,glmnet,rf,rfferns",7,0.514656895403065
"adabag,knn,rfferns,multinom",4,0.503331112591606
"rfrules,gbm,glmnet,pda,adabag,multinom,rfferns,knn",8,0.509660226515656
"gbm,knn,rfrules",3,0.517321785476349
"pda,knn",2,0.489007328447702
"multinom,rf",2,0.500333111259161
"multinom,pda",2,0.500333111259161
"rf,pda",2,0.542638241172552
"rfrules,multinom,adabag,knn,rf,glmnet,rfferns,gbm",8,0.513990672884743
"rf,knn,rfrules,multinom,pda,rfferns,adabag",7,0.517321785476349
"multinom,rf,glmnet",3,0.510326449033977
"glmnet,knn",2,0.494670219853431
"knn,rfferns,gbm,rf,multinom,rfrules,adabag,pda,glmnet",9,0.513657561625583
"glmnet,rfferns,knn,gbm,rf,pda,rfrules,multinom",8,0.515989340439707
"glmnet,rfferns,rf,rfrules,gbm",5,0.509660226515656
"gbm,rf,knn,glmnet,pda,adabag,rfferns,rfrules,multinom",9,0.513657561625583
"gbm,multinom,rfferns,knn,rf",5,0.520652898067955
"gbm,rfrules,pda,rf,rfferns,adabag,multinom,knn",8,0.515656229180546
"adabag,glmnet,multinom,pda,rf,rfrules",6,0.50566289140573
"rf,adabag,knn",3,0.525316455696203
"rfrules,glmnet",2,0.473017988007995
"rfrules,multinom,glmnet,gbm",4,0.506329113924051
"multinom,gbm,adabag,rfferns",4,0.502998001332445
"adabag,knn,rfrules,rfferns,rf,gbm,glmnet",7,0.50566289140573
"pda,adabag,rfrules,glmnet,rf,rfferns,multinom",7,0.51165889407062
"glmnet,rfferns,gbm,pda,rf,multinom",6,0.510326449033977
"pda,multinom,adabag,knn,glmnet,rf",6,0.510659560293138
"knn,rf,gbm,adabag,pda,rfferns,multinom,glmnet,rfrules",9,0.513990672884743
"knn,pda,glmnet,multinom,rfferns,gbm,rf,rfrules,adabag",9,0.513990672884743
"rfrules,multinom,gbm,glmnet",4,0.506329113924051
"pda,adabag,glmnet,gbm",4,0.508327781479014
"multinom,rf,pda",3,0.503997335109927
"gbm,rf",2,0.508994003997335
"glmnet,rfrules,rfferns",3,0.490006662225183
"glmnet,adabag,pda,knn,multinom,rf,gbm,rfrules,rfferns",9,0.509993337774817
"rfferns,rfrules,pda,knn,multinom,glmnet,rf",7,0.514323784143904
"knn,adabag,gbm",3,0.506995336442372
"multinom,rfferns,gbm,glmnet,adabag,knn,pda,rf,rfrules",9,0.516988674217189
"rfrules,knn,rfferns,gbm,rf,adabag,multinom",7,0.512991339107262
"rfrules,rf,gbm",3,0.516988674217189
"rfrules,pda,glmnet,gbm,rfferns,knn,adabag,multinom",8,0.509660226515656
"pda,rfrules",2,0.489007328447702
"knn,gbm,multinom,rf",4,0.526982011992005
"adabag,rfferns,multinom",3,0.487674883411059
"rfrules,adabag,glmnet,knn,multinom,rf,rfferns,pda",8,0.51165889407062
"multinom,rf,rfrules,pda,rfferns,gbm,glmnet",7,0.512658227848101
"gbm,glmnet,multinom,knn,rfrules,pda,rfferns,adabag,rf",9,0.513657561625583
"multinom,rf,knn,gbm,glmnet",5,0.519653564290473
"rfrules,gbm,rfferns,pda,glmnet,adabag,multinom,knn",8,0.509660226515656
"glmnet,knn,pda,rfferns",4,0.501665556295803
"multinom,knn,rf,gbm,rfferns,pda",6,0.512658227848101
"rfrules,rfferns,multinom,gbm,glmnet",5,0.503997335109927
"multinom,rfferns",2,0.500333111259161
"multinom,gbm,rfrules,adabag",4,0.510659560293138
"pda,multinom,rf,adabag,glmnet,gbm",6,0.508994003997335
"multinom,adabag,rfferns,rf",4,0.513324450366422
"multinom,pda",2,0.500333111259161
"rf,rfrules",2,0.542638241172552
"rfferns,rfrules,multinom,glmnet,pda,adabag,rf,knn,gbm",9,0.513990672884743
"adabag,rf,multinom,knn,rfferns,glmnet",6,0.510659560293138
"rf,rfrules,multinom,pda,rfferns,knn,glmnet,gbm,adabag",9,0.513990672884743
"gbm,glmnet,pda,rfferns,rfrules,rf,adabag,multinom",8,0.51199200532978
"rfrules,adabag,rfferns,knn,rf,pda,gbm,multinom,glmnet",9,0.513990672884743
"multinom,rf",2,0.500333111259161
"glmnet,gbm,rf,rfferns,pda,multinom,rfrules,knn,adabag",9,0.509993337774817
"rfrules,pda,knn,adabag,multinom,glmnet,gbm,rf,rfferns",9,0.513990672884743
"pda,rfferns,rfrules,adabag,rf,multinom,glmnet,knn",8,0.510992671552299
"gbm,rf,pda,glmnet,rfferns,adabag,rfrules,multinom,knn",9,0.513657561625583
"knn,multinom,rf,glmnet,adabag,gbm,rfferns,rfrules,pda",9,0.513657561625583
"adabag,glmnet",2,0.484343770819454
"rfferns,pda,gbm,adabag,rfrules,rf,multinom,knn,glmnet",9,0.514323784143904
"gbm,rf,adabag,glmnet,rfferns,knn",6,0.512991339107262
"rf,pda,knn",3,0.530979347101932
"pda,rfrules,glmnet,gbm",4,0.506329113924051
"rf,adabag,gbm,pda,rfrules,knn,glmnet",7,0.51199200532978
"rfferns,gbm,adabag,pda",4,0.493337774816789
"gbm,multinom,glmnet,rfrules,knn,rfferns,rf",7,0.519320453031312
"glmnet,multinom,gbm,knn,rfrules",5,0.516322451698867
"gbm,adabag,rfrules,rf,multinom",5,0.515989340439707
"multinom,rf,glmnet",3,0.510326449033977
"adabag,rf,rfrules,multinom,glmnet,pda",6,0.50566289140573
"rf,pda,rfrules,knn,gbm,adabag,glmnet,rfferns,multinom",9,0.514323784143904
"pda,rfferns,gbm,glmnet,adabag,rfrules",6,0.5
"adabag,knn,rf,multinom,glmnet,rfferns",6,0.510659560293138
"pda,rf,knn,gbm,rfrules,adabag",6,0.515323117921386
"pda,glmnet",2,0.489007328447702
"gbm,adabag,pda,rfferns,knn,multinom,rfrules,rf,glmnet",9,0.513657561625583
"adabag,pda,rf,rfrules,knn,glmnet,rfferns,gbm,multinom",9,0.509327115256496
"rfrules,adabag,knn,pda,rfferns,multinom,glmnet,gbm",8,0.509660226515656
"gbm,rf,multinom,pda",4,0.518987341772152
"rf,gbm,multinom,adabag,knn,pda",6,0.521652231845436
"multinom,knn,rfrules,glmnet,gbm",5,0.515323117921386
"multinom,rfferns,knn",3,0.501665556295803
"adabag,pda,knn,rf,gbm,rfferns,rfrules",7,0.510326449033977
"pda,gbm,multinom,knn",4,0.497668221185876
"multinom,glmnet,adabag",3,0.500333111259161
"rf,knn,rfferns,gbm",4,0.530979347101932
"rf,knn",2,0.542638241172552
"rfferns,knn",2,0.167221852098601
"rf,rfrules",2,0.542638241172552
"gbm,glmnet,multinom",3,0.509993337774817
"rfferns,pda,multinom,rfrules,rf",5,0.503664223850766
"glmnet,multinom,pda,rf",4,0.509327115256496
"glmnet,pda",2,0.494670219853431
"gbm,rfrules,knn,glmnet,rfferns",5,0.512325116588941
"rf,gbm,multinom,rfrules,pda",5,0.51798800799467
"knn,adabag,multinom,glmnet,rfferns,rf,gbm,rfrules,pda",9,0.513324450366422
"rf,adabag,rfferns,glmnet,gbm,multinom,knn,pda",8,0.513990672884743
"knn,rfferns,rfrules,adabag,rf,multinom,glmnet,pda",8,0.510992671552299
"glmnet,knn,rfferns",3,0.492671552298468
"rfferns,pda",2,0.167221852098601
"glmnet,knn,multinom,gbm,rfrules,rf,adabag",7,0.512991339107262
"rfferns,glmnet,knn,pda,multinom,rfrules",6,0.507661558960693
"rf,gbm,adabag,glmnet,pda,rfrules,multinom",7,0.51199200532978
"pda,multinom,rfferns",3,0.489007328447702
"adabag,rf,glmnet,multinom,rfferns,gbm,pda",7,0.508660892738175
"pda,rf,glmnet,multinom,rfrules,knn,gbm",7,0.515323117921386
"pda,multinom,gbm,rfferns,rf,rfrules,glmnet,adabag",8,0.510659560293138
"multinom,pda",2,0.500333111259161
"rfrules,rfferns,multinom,knn,glmnet,pda,rf,adabag,gbm",9,0.513990672884743
"glmnet,rf,rfrules,adabag,knn,multinom,rfferns",7,0.504330446369087
"pda,glmnet",2,0.489007328447702
"rfferns,gbm,multinom,rf",4,0.516322451698867
"rf,knn,pda,glmnet,multinom,rfferns",6,0.516988674217189
"rfrules,multinom,pda,knn,rfferns",5,0.506662225183211
"rf,pda,knn,rfferns,adabag,glmnet,multinom",7,0.510659560293138
"adabag,gbm,knn",3,0.507328447701532
"glmnet,rfferns,pda,rfrules,multinom",5,0.502998001332445
"multinom,glmnet,pda,rfferns,knn",5,0.503664223850766
"gbm,glmnet,rfferns,adabag,rfrules,pda",6,0.500999333777482
"knn,multinom",2,0.478347768154564
"rf,glmnet,multinom,pda,rfferns,rfrules,adabag",7,0.510326449033977
"adabag,pda,knn,glmnet,rfrules,gbm,rfferns,rf,multinom",9,0.509327115256496
"pda,rf,adabag,multinom,rfferns,knn,gbm,glmnet,rfrules",9,0.514656895403065
"gbm,pda,rfferns,rfrules,multinom,glmnet",6,0.509327115256496
"rf,rfferns",2,0.542638241172552
"glmnet,gbm,rfferns,rf,knn,adabag,multinom",7,0.507994670219853
"rfferns,adabag,gbm",3,0.429380413057961
"pda,knn",2,0.489007328447702
"rfferns,pda,knn,multinom,adabag,rf,gbm,rfrules",8,0.513657561625583
"rf,adabag",2,0.542638241172552
"adabag,glmnet",2,0.484343770819454
"rf,adabag,glmnet",3,0.503997335109927
"glmnet,adabag,gbm,rfferns,pda",5,0.499000666222518
"pda,glmnet,knn,rf,multinom,adabag",6,0.510659560293138
"rf,rfrules,glmnet,rfferns",4,0.512658227848101
"rf,adabag,multinom,rfrules,glmnet,rfferns,knn",7,0.512658227848101
"gbm,glmnet,rfrules,knn,pda,rf,multinom",7,0.515989340439707
"rfrules,rfferns,gbm",3,0.486342438374417
"knn,rfferns,gbm,adabag,pda,glmnet,rfrules,multinom",8,0.509327115256496
"pda,rfferns,rf,rfrules,knn,multinom,glmnet,adabag,gbm",9,0.514656895403065
"knn,adabag,pda,multinom",4,0.502331778814124
"pda,gbm,multinom",3,0.498001332445037
"multinom,rfrules,pda,rfferns,rf,knn",6,0.511325782811459
"rfferns,knn,pda,rf,glmnet,adabag,multinom",7,0.514656895403065
"adabag,glmnet,rf",3,0.503331112591606
"rfrules,pda,adabag,glmnet",4,0.497668221185876
"adabag,rf,pda,gbm,multinom",5,0.512658227848101
"gbm,multinom,rfferns,knn,glmnet,adabag",6,0.506329113924051
"adabag,knn,glmnet,rf,pda",5,0.512325116588941
"rfrules,adabag,rfferns,rf",4,0.500333111259161
"multinom,rf,rfferns,pda,adabag,knn,rfrules,gbm",8,0.515323117921386
"knn,pda,rfrules,rfferns,adabag,rf,glmnet,multinom,gbm",9,0.513990672884743
"multinom,rfferns,rfrules",3,0.49433710859427
"gbm,multinom,glmnet,rfrules,knn",5,0.515323117921386
"rf,gbm,rfferns,knn,adabag,pda,rfrules,glmnet",8,0.51165889407062
"rf,multinom,gbm,glmnet",4,0.518987341772152
"pda,glmnet,knn,multinom",4,0.497668221185876
"rfferns,rf,gbm,rfrules,pda,glmnet,knn,multinom",8,0.51798800799467
"rfferns,rfrules,glmnet",3,0.421385742838108
"multinom,rfrules,knn",3,0.507661558960693
"pda,rfrules,gbm,rfferns,knn,rf,multinom,adabag,glmnet",9,0.514990006662225
"pda,rf,gbm,knn,glmnet,multinom,adabag",7,0.51165889407062
"glmnet,gbm,rfrules,knn,adabag,multinom,pda,rfferns,rf",9,0.509993337774817
"rfferns,rf,rfrules,pda,knn",5,0.522984676882079
"rfrules,adabag,gbm,rfferns,knn,multinom,rf,glmnet,pda",9,0.513990672884743
"multinom,rfrules,rfferns,knn,gbm,rf",6,0.518654230512991
"pda,rfferns,adabag,knn,glmnet,rf",6,0.510992671552299
"rfferns,adabag,glmnet,rfrules,multinom,knn,gbm,pda",8,0.510659560293138
"gbm,rfrules,glmnet,pda",4,0.513324450366422
"rfferns,multinom,adabag,pda,glmnet,rfrules,rf",7,0.513324450366422
"glmnet,adabag",2,0.494670219853431
"knn,rfrules,gbm",3,0.517321785476349
"rfferns,pda",2,0.167221852098601
"multinom,rf,rfrules,adabag,pda,knn",6,0.513990672884743
"rfrules,adabag,gbm,rf,rfferns,multinom,pda,knn",8,0.516322451698867
"glmnet,multinom,rfrules,knn,gbm,rf",6,0.512991339107262
"gbm,rf,rfrules,knn",4,0.522318454363758
"adabag,glmnet,rfrules",3,0.497335109926715
"pda,knn,adabag,rfferns,rfrules,rf",6,0.512991339107262
"knn,glmnet,rfferns,multinom,pda",5,0.501665556295803
"rf,rfferns",2,0.542638241172552
"adabag,knn,pda,rfrules,rf,rfferns,multinom",7,0.514323784143904
"rfferns,knn,rf,gbm",4,0.509327115256496
"adabag,rf,rfrules",3,0.509327115256496
"rf,rfferns",2,0.542638241172552
"adabag,multinom",2,0.484343770819454
"rfrules,rf,gbm,multinom,glmnet",5,0.51798800799467
"pda,multinom",2,0.489007328447702
"rf,multinom",2,0.542638241172552
"rfferns,gbm,rfrules,multinom",4,0.500333111259161
"gbm,adabag,glmnet,rf,multinom",5,0.510326449033977
"rfferns,rf,glmnet,rfrules,knn,gbm,multinom",7,0.518654230512991
"gbm,rfrules,rfferns,rf",4,0.513324450366422
"rf,pda,rfrules",3,0.519320453031312
"rfrules,knn,adabag,gbm,rf,pda",6,0.517321785476349
"rf,adabag,rfrules",3,0.511325782811459
"rf,pda,adabag,rfrules,rfferns,gbm,multinom",7,0.513324450366422
"rfrules,multinom,knn,glmnet,adabag,rf,pda,gbm,rfferns",9,0.513990672884743
"multinom,rf,rfferns,glmnet,adabag,rfrules",6,0.503664223850766
"adabag,rf,pda,rfferns,knn,glmnet,multinom,gbm,rfrules",9,0.509327115256496
"pda,rfrules,multinom,knn,rfferns,gbm,rf,adabag,glmnet",9,0.514990006662225
"adabag,pda,rfferns,gbm,multinom",5,0.504330446369087
"adabag,glmnet,gbm",3,0.495003331112592
"pda,glmnet,gbm,rfrules,rfferns,multinom,adabag,rf",8,0.509993337774817
"glmnet,adabag,rfferns,rf",4,0.502331778814124
"knn,rfrules,glmnet,multinom,rfferns,rf,gbm",7,0.519986675549634
"knn,rf,adabag,glmnet,multinom",5,0.513657561625583
"rfrules,knn,adabag,gbm,pda,rfferns",6,0.51165889407062
"rfferns,knn",2,0.167221852098601
"gbm,glmnet,pda,multinom,rf,adabag,knn,rfferns",8,0.51199200532978
"gbm,rf,adabag,pda,multinom,rfferns,knn,glmnet",8,0.51165889407062
"pda,multinom,knn,rfrules,gbm,rfferns",6,0.506662225183211
"knn,rf,gbm,multinom,rfferns,glmnet,pda,adabag,rfrules",9,0.513990672884743
"rfferns,adabag,multinom,gbm,rfrules,rf",6,0.51199200532978
"glmnet,gbm,knn,adabag,rfferns,multinom,pda,rf",8,0.510326449033977
"rfferns,glmnet,multinom,rf,adabag,knn,gbm,pda",8,0.510992671552299
"rfrules,rfferns,gbm",3,0.486342438374417
"multinom,rfferns,gbm,glmnet,knn",5,0.513324450366422
"rfrules,adabag,rfferns,pda,knn,gbm,rf",7,0.514323784143904
"pda,multinom,knn,rfrules,rfferns,rf,adabag",7,0.514656895403065
"rf,gbm",2,0.542638241172552
"rf,gbm,pda,rfferns,glmnet,multinom,adabag,knn,rfrules",9,0.514323784143904
"gbm,knn,rf,glmnet,pda,multinom,rfrules,adabag",8,0.513990672884743
"rfferns,knn,glmnet,rf",4,0.512658227848101
"knn,rfrules,rfferns,multinom,rf,pda,adabag,gbm",8,0.518654230512991
"multinom,glmnet,gbm,rfrules",4,0.510326449033977
"multinom,rf,gbm,adabag,rfferns,rfrules,knn,glmnet,pda",9,0.516988674217189
"rf,pda",2,0.542638241172552
"gbm,rfferns,rfrules,multinom,pda",5,0.506329113924051
"rfferns,rfrules,glmnet,adabag",4,0.487341772151899
"gbm,glmnet,rfrules",3,0.506995336442372
"adabag,pda,knn,gbm,glmnet,multinom",6,0.507328447701532
"rfrules,rf,pda,multinom",4,0.515323117921386
"glmnet,rf,pda,knn,adabag",5,0.510659560293138
"knn,multinom,rfferns,rf,glmnet",5,0.521985343104597
"rf,gbm,rfferns,multinom",4,0.524983344437042
"adabag,knn",2,0.484343770819454
"pda,multinom,adabag,knn",4,0.498334443704197
"rfferns,glmnet",2,0.167221852098601
"gbm,multinom",2,0.508994003997335
"rfferns,rfrules,gbm,rf,multinom,glmnet,pda,knn",8,0.516655562958028
"glmnet,rf,multinom,pda,adabag,knn,gbm,rfrules,rfferns",9,0.509993337774817
"rfferns,gbm,knn,pda,rfrules,rf",6,0.516988674217189
"rfferns,multinom",2,0.167221852098601
"rfferns,adabag,pda,multinom,glmnet,gbm",6,0.506662225183211
"rfrules,multinom,knn,rfferns,pda",5,0.506662225183211
"multinom,gbm,adabag",3,0.50566289140573
"rfrules,gbm,rf",3,0.516988674217189
"glmnet,rfferns",2,0.494670219853431
"pda,rfrules,knn,adabag,rfferns,gbm,glmnet",7,0.51199200532978
"multinom,rfferns,knn,gbm,glmnet",5,0.513324450366422
"rfferns,knn,pda",3,0.390073284477015
"rf,multinom,pda,glmnet",4,0.510659560293138
"multinom,knn,glmnet,gbm",4,0.51199200532978
"multinom,rf,rfferns,glmnet,rfrules,pda,adabag,gbm",8,0.509327115256496
"glmnet,multinom,gbm,pda",4,0.509327115256496
"rf,gbm",2,0.542638241172552
"rfferns,gbm,multinom,adabag,pda,rf",6,0.51199200532978
"pda,rf,multinom",3,0.502664890073284
"gbm,pda",2,0.508994003997335
"knn,pda,rfrules,rf,gbm,multinom,glmnet,adabag",8,0.514323784143904
"knn,rf,rfferns,gbm,multinom,rfrules",6,0.527648234510326
"multinom,knn,rf,glmnet,adabag,gbm,rfferns",7,0.515989340439707
"knn,adabag,pda,gbm,glmnet,rf",6,0.51798800799467
"rfferns,multinom,adabag",3,0.417721518987342
"gbm,adabag,multinom,rfrules,rf,rfferns,knn,glmnet",8,0.513657561625583
"multinom,glmnet",2,0.500333111259161
"glmnet,pda,gbm,rfferns,adabag",5,0.499000666222518
"pda,rfrules",2,0.489007328447702
"multinom,pda,gbm,rfrules",4,0.501665556295803
"rf,multinom,glmnet,rfrules,gbm,knn,pda",7,0.517321785476349
"glmnet,rfrules,pda,knn",4,0.499000666222518
"multinom,pda,gbm,knn,glmnet,rfferns,rfrules,rf",8,0.515323117921386
"knn,adabag,gbm,multinom,glmnet",5,0.508994003997335
"knn,multinom,gbm,adabag",4,0.512991339107262
"knn,glmnet,adabag,pda,rf",5,0.510992671552299
"adabag,rf",2,0.484343770819454
"multinom,rf,adabag,knn,glmnet",5,0.51199200532978
"gbm,knn,multinom,pda,rfrules,glmnet,adabag,rfferns",8,0.51199200532978
"glmnet,rfrules,rfferns,rf,pda",5,0.503331112591606
"rfferns,gbm",2,0.167221852098601
"adabag,gbm,glmnet,pda,rf,rfrules,multinom,rfferns,knn",9,0.509327115256496
"gbm,multinom,pda,rfferns",4,0.5
"knn,rfferns,rf,pda,adabag,gbm",6,0.518987341772152
"rfrules,pda,rf,multinom,knn,glmnet,rfferns,adabag,gbm",9,0.513990672884743
"pda,glmnet,rf,rfrules,knn,gbm",6,0.515989340439707
"rfrules,rf,glmnet,gbm",4,0.508660892738175
"rf,multinom,pda,adabag,glmnet,rfferns,gbm,rfrules",8,0.513324450366422
"knn,glmnet,adabag,rfrules",4,0.503664223850766
"pda,rfrules,rf,multinom,adabag,rfferns,glmnet,knn,gbm",9,0.514990006662225
"rfrules,gbm,multinom,glmnet,pda,rfferns,knn",7,0.51165889407062
"glmnet,rfrules,adabag,rf,multinom",5,0.506662225183211
"pda,rfferns,multinom,rf,glmnet",5,0.507661558960693
"rfrules,rfferns",2,0.473017988007995
"rf,knn,gbm,pda",4,0.52964690206529
"multinom,gbm,pda",3,0.500999333777482
"multinom,rf,glmnet,rfferns,gbm",5,0.514323784143904
"multinom,rfferns,knn,rfrules,rf,pda",6,0.510992671552299
"gbm,pda,knn,rfferns,glmnet,rfrules,rf,multinom",8,0.517321785476349
"multinom,glmnet,pda",3,0.502331778814124
"glmnet,adabag",2,0.494670219853431
"rf,rfferns,glmnet,pda,adabag,rfrules,gbm,multinom,knn",9,0.513990672884743
"rfrules,knn,glmnet,rfferns,pda,multinom,adabag",7,0.501998667554963
"rfferns,rfrules,gbm,rf,adabag,pda",6,0.510992671552299
"gbm,pda,rf,multinom,rfferns,knn",6,0.516322451698867
"multinom,adabag,pda,knn,glmnet,rfferns",6,0.507661558960693
"rf,rfferns,knn,multinom,adabag,rfrules,gbm",7,0.516988674217189
"rfrules,gbm,knn",3,0.518321119253831
"adabag,rfrules",2,0.484343770819454
"knn,rfferns,glmnet,rfrules",4,0.498334443704197
"pda,rfferns",2,0.489007328447702
"glmnet,adabag,rfferns,multinom",4,0.501998667554963
"pda,adabag,rf,rfferns,knn,rfrules,gbm,multinom",8,0.514990006662225
"multinom,glmnet,rf",3,0.510326449033977
"adabag,pda,knn,glmnet",4,0.501665556295803
"rfferns,gbm,rf,rfrules,multinom,adabag,glmnet",7,0.513990672884743
"multinom,gbm,rfrules,rf",4,0.518321119253831
"rf,knn,rfferns",3,0.533644237175217
"adabag,gbm,rfrules,multinom,rf,knn,rfferns,pda",8,0.516322451698867
"rfferns,multinom,rfrules,gbm,pda,adabag,knn",7,0.511325782811459
"adabag,rf",2,0.484343770819454
"rfferns,multinom,rf",3,0.442704863424384
"knn,pda,multinom,gbm,rf,adabag,glmnet,rfferns",8,0.513324450366422
"multinom,gbm,rfrules,glmnet,pda,rfferns",6,0.506662225183211
"knn,multinom,adabag",3,0.503664223850766
"knn,rfferns,gbm,pda,adabag",5,0.505329780146569
"rfferns,knn,pda",3,0.390073284477015
"rfrules,glmnet,knn,gbm,pda,rfferns,multinom,adabag",8,0.509660226515656
"rfferns,gbm,multinom,pda,rf,glmnet",6,0.509660226515656
"multinom,knn,pda",3,0.496335776149234
"gbm,rf,glmnet,multinom,rfferns,adabag,rfrules",7,0.513657561625583
"rf,glmnet,rfrules,pda",4,0.51765489673551
"rfrules,multinom,glmnet,adabag,knn,gbm,rfferns,pda,rf",9,0.513990672884743
"gbm,rfrules,rf,multinom,adabag",5,0.515656229180546
"adabag,knn,multinom,rf,gbm",5,0.522318454363758
"knn,glmnet,pda,multinom",4,0.501665556295803
"rf,pda,adabag,rfferns,multinom",5,0.511325782811459
"rfrules,knn,gbm,multinom,glmnet",5,0.515989340439707
"pda,rfferns,gbm,knn,glmnet,rf,rfrules",7,0.51798800799467
"gbm,rfferns,pda",3,0.502664890073284
"gbm,rfrules,rfferns,adabag,pda,multinom,glmnet,rf",8,0.51199200532978
"rf,rfferns,knn,pda,rfrules",5,0.523317788141239
"rfrules,pda,knn,adabag,multinom,gbm",6,0.51165889407062
"adabag,rf,glmnet,multinom,rfferns,gbm,knn,rfrules,pda",9,0.509327115256496
"pda,rfferns,rfrules,glmnet,rf,adabag,knn,gbm,multinom",9,0.514990006662225
"knn,pda,gbm,rfferns,adabag,glmnet,rf,rfrules,multinom",9,0.513990672884743
"rfrules,multinom,rfferns,rf,knn,gbm,pda,adabag",8,0.516322451698867
"rf,adabag,knn",3,0.525316455696203
"gbm,pda,adabag,rf,multinom",5,0.51199200532978
"pda,multinom,knn",3,0.49433710859427
"glmnet,knn,rf",3,0.522984676882079
"gbm,knn,multinom,adabag,glmnet,rfrules,pda,rf",8,0.513990672884743
"gbm,multinom,rfrules,rf,adabag,pda",6,0.515656229180546
"glmnet,rfferns,multinom",3,0.495336442371752
"adabag,rfferns",2,0.484343770819454
"pda,glmnet,gbm,adabag,rfrules,rf,multinom,rfferns",8,0.509993337774817
"rf,knn",2,0.542638241172552
"gbm,rfferns,glmnet,adabag,pda",5,0.500999333777482
"knn,gbm,rfrules,multinom,rfferns,adabag,pda,rf",8,0.51798800799467
"rf,gbm,rfferns,multinom",4,0.524983344437042
"rfferns,pda,multinom,glmnet",4,0.497335109926715
"pda,knn",2,0.489007328447702
"rfrules,adabag,rfferns,gbm,knn,glmnet,multinom,pda",8,0.509660226515656
"rf,rfrules,rfferns,knn",4,0.534310459693538
"gbm,multinom",2,0.508994003997335
"glmnet,knn,gbm",3,0.512991339107262
"adabag,pda,glmnet,multinom,rf,rfrules,rfferns",7,0.50566289140573
"glmnet,rf,multinom,gbm",4,0.507328447701532
"gbm,pda,knn,multinom,glmnet,rf,adabag,rfrules",8,0.513990672884743
"glmnet,rf,gbm,rfrules,knn,rfferns",6,0.513990672884743
"pda,rfrules",2,0.489007328447702
"rfrules,rfferns,knn,rf,adabag,multinom",6,0.514990006662225
"multinom,rfrules,adabag,knn",4,0.510659560293138
"adabag,gbm,rfrules,rfferns,glmnet,rf",6,0.504663557628248
"glmnet,gbm",2,0.494670219853431
"rf,knn,rfferns",3,0.533644237175217
"glmnet,pda,knn,gbm,rfrules,adabag,rfferns,multinom,rf",9,0.509993337774817
"rfrules,rf,multinom,glmnet,rfferns,adabag,gbm,pda,knn",9,0.513990672884743
"gbm,multinom,adabag,rfferns,pda",5,0.501665556295803
"rf,glmnet,multinom,knn,adabag,gbm,rfferns,rfrules,pda",9,0.513990672884743
"rfferns,gbm,rf,pda,rfrules,adabag",6,0.510326449033977
"pda,rf,glmnet,rfrules,adabag,knn,gbm,multinom,rfferns",9,0.514656895403065
"rfferns,rfrules,multinom,knn",4,0.491339107261826
"rf,adabag,pda,knn,multinom,rfrules,rfferns",7,0.517321785476349
"gbm,adabag,pda",3,0.502664890073284
"glmnet,multinom,pda,rfferns,knn,gbm,rf,rfrules",8,0.515989340439707
"rfrules,rfferns,rf,pda,multinom",5,0.513324450366422
"gbm,multinom",2,0.508994003997335
"glmnet,rf,rfferns",3,0.5
"glmnet,adabag,rfrules,rfferns,knn,rf,multinom,gbm,pda",9,0.509993337774817
"knn,glmnet",2,0.478347768154564
"glmnet,pda,knn,rfferns,multinom,adabag",6,0.509993337774817
"adabag,pda,knn,multinom",4,0.507661558960693
"knn,rfferns,pda,gbm,rf,adabag",6,0.516322451698867
"rf,adabag,multinom,glmnet",4,0.514656895403065
"adabag,knn,glmnet,pda,multinom",5,0.508660892738175
"rfrules,rfferns,gbm,knn,multinom,rf,pda",7,0.51798800799467
"gbm,glmnet,rfrules,knn",4,0.51765489673551
"gbm,pda,rfrules,glmnet,rfferns,knn,rf,adabag,multinom",9,0.513657561625583
"glmnet,rf,rfrules,knn,adabag,rfferns,pda",7,0.505329780146569
"rfrules,multinom,rf,pda",4,0.515323117921386
"glmnet,adabag,knn,multinom,pda,rfrules,rf,rfferns",8,0.509327115256496
"glmnet,rfrules",2,0.494670219853431
"gbm,glmnet,multinom",3,0.509993337774817
"multinom,adabag,rfrules,gbm",4,0.510659560293138
"glmnet,knn,multinom,pda",4,0.506662225183211
"gbm,pda",2,0.508994003997335
"rfferns,rf,pda",3,0.42871419053964
"multinom,glmnet,gbm,rfferns,rfrules,rf",6,0.51199200532978
